<?xml version="1.0" encoding="UTF-8"?>
<ehcache xmlns:xsi="http://www.w3.org/2001/XMLSchema-instance"
         xsi:noNamespaceSchemaLocation="http://ehcache.org/ehcache.xsd" updateCheck="false">

    <!-- By default, Ehcache stored the cached files in temp folder. -->
    <diskStore path="java.io.tmpdir" />
	
	<defaultCache
			maxEntriesLocalHeap="0"
			eternal="false"
			timeToIdleSeconds="3600"
			timeToLiveSeconds="0">
	</defaultCache>

    <cache	name="ReferenceDataCache"
		    maxEntriesLocalHeap="100000000"
		    maxEntriesLocalDisk="100000000"
		    eternal="false"
		    diskSpoolBufferSizeMB="1000000"
		    memoryStoreEvictionPolicy="LFU"
		    transactionalMode="off">
		<persistence strategy="localTempSwap" />
    </cache>

	<cache 	name="TreeViewFilterListCache" 
			maxEntriesLocalHeap="1000"
			maxEntriesLocalDisk="10000" 
			eternal="false" 
			diskSpoolBufferSizeMB="200"
			memoryStoreEvictionPolicy="LFU" 
			transactionalMode="off">
		<persistence strategy="localTempSwap" />
	</cache>

	<cache 	name="FlatViewFilterListCache" 
			maxEntriesLocalHeap="1000"
			maxEntriesLocalDisk="10000" 
			eternal="false" 
			diskSpoolBufferSizeMB="200"
			memoryStoreEvictionPolicy="LFU" 
			transactionalMode="off">
		<persistence strategy="localTempSwap" />
	</cache>
	
	<cache 	name="StaticDataCache" 
			maxEntriesLocalHeap="100000"
			maxEntriesLocalDisk="100000" 
			eternal="false" 
			diskSpoolBufferSizeMB="200"
			memoryStoreEvictionPolicy="LFU" 
			transactionalMode="off">
		<persistence strategy="localTempSwap" />
	</cache>
	
</ehcache>
