<?xml version="1.0" encoding="UTF-8"?>
<configuration>
    <include resource="org/springframework/boot/logging/logback/defaults.xml"/>

    <include resource="org/springframework/boot/logging/logback/console-appender.xml"/>

    <appender name="FILE"
              class="ch.qos.logback.core.rolling.RollingFileAppender">
        <file>${LOG_PATH:-./logs}/${LOG_FILENAME:-ceft-rest-ui.log}</file>
        <rollingPolicy class="ch.qos.logback.core.rolling.TimeBasedRollingPolicy">
            <fileNamePattern>${LOG_PATH:-./logs}/${LOG_FILENAME:-ceft-rest-ui}.%d{yyyy-MM-dd}.%i.zip</fileNamePattern>
            <maxHistory>30</maxHistory>
            <timeBasedFileNamingAndTriggeringPolicy class="ch.qos.logback.core.rolling.SizeAndTimeBasedFNATP">
                <maxFileSize>10MB</maxFileSize>
            </timeBasedFileNamingAndTriggeringPolicy>
        </rollingPolicy>

        <encoder>
            <pattern>%d [%thread] %-5level %logger{35} - %msg%n</pattern>
        </encoder>
    </appender>

    <root level="DEBUG">
        <appender-ref ref="CONSOLE"/>
        <!--<appender-ref ref="FILE"/>--> <!-- note, that kubernetes does not support persistent log storage -->
    </root>


</configuration>
