{
  "$schema": "https://vega.github.io/schema/vega/v3.0.json",
  "width": 700,
  "height": 400,
  "padding": 0,
  "autosize": {
    "type": "fit",
    "resize": false
  },
  "signals": [
    {
      "name": "hoverDot",
      "value": null,
      "on": [
        {
          "events": "@dotLine:mouseover",
          "update": "datum.businessDate"
        },
        {
          "events": "@dotLine:mouseout",
          "update": "null"
        }
      ]
    },
    {
      "name": "field",
      "value": "valueField"
    },
    {
      "name": "fontSize",
      "value": 12
    },
    {
      "name": "clear",
      "value": true,
      "on": [
        {
          "events": "mouseup[!event.item]",
          "update": "true",
          "force": true
        }
      ]
    },
    {
      "name": "shift",
      "value": false,
      "on": [
        {
          "events": "@legendSymbol:click, @legendLabel:click",
          "update": "event.shiftKey",
          "force": true
        }
      ]
    },
    {
      "name": "clicked",
      "value": null,
      "on": [
        {
          "events": "@legendSymbol:click, @legendLabel:click",
          "update": "{value: datum.value}",
          "force": true
        }
      ]
    },
    {
      "name": "tooltipVisibility",
      "value": 1,
      "on": [
        {
          "events": "mouseover",
          "update": "1"
        },
        {
          "events": "mouseout",
          "update": "0"
        }
      ]
    },
    {
      "name": "indexDate",
      "update": "time('Oct 10 2017')",
      "on": [
        {
          "events": "mousemove",
          "update": "invert('x', clamp(x(), 0, width))"
        }
      ]
    },
    {
      "name": "tooltipOffset",
      "value": 0.5,
      "on": [
        {
          "events": "mousemove",
          "update": "(x(indexDate)-165 > 0 ? -180 : 0.5)"
        }
      ]
    }
  ],
  "data": [
    {
      "name": "selected",
      "on": [
        {
          "trigger": "clear",
          "remove": true
        },
        {
          "trigger": "!shift",
          "remove": true
        },
        {
          "trigger": "!shift && clicked",
          "insert": "clicked"
        },
        {
          "trigger": "shift && clicked",
          "toggle": "clicked"
        }
      ]
    },
    {
      "name": "table",
      "values": [
        {
          "businessDate": "2017-10-09",
          "category": "Less than 1 Year",
          "valueField": 0.2222
        },
        {
          "businessDate": "2017-10-10",
          "category": "Less than 1 Year",
          "valueField": 1.2222
        },
        {
          "businessDate": "2017-10-11",
          "category": "Less than 1 Year",
          "valueField": 2.2222
        },
        {
          "businessDate": "2017-10-12",
          "category": "Less than 1 Year",
          "valueField": -5.2222
        },
        {
          "businessDate": "2017-10-13",
          "category": "Less than 1 Year",
          "valueField": -3.2222
        },
        {
          "businessDate": "2017-10-16",
          "category": "Less than 1 Year",
          "valueField": 0.6666
        },
        {
          "businessDate": "2017-10-17",
          "category": "Less than 1 Year",
          "valueField": 6.2222
        },
        {
          "businessDate": "2017-10-18",
          "category": "Less than 1 Year",
          "valueField": 7.2222
        },
        {
          "businessDate": "2017-10-19",
          "category": "Less than 1 Year",
          "valueField": 8.2222
        },
        {
          "businessDate": "2017-10-20",
          "category": "Less than 1 Year",
          "valueField": 9.2222
        },
        {
          "businessDate": "2017-10-09",
          "category": "Between 1 and 5 Year",
          "valueField": 1.2222
        },
        {
          "businessDate": "2017-10-10",
          "category": "Between 1 and 5 Year",
          "valueField": 2.2222
        },
        {
          "businessDate": "2017-10-11",
          "category": "Between 1 and 5 Year",
          "valueField": -1.2222
        },
        {
          "businessDate": "2017-10-12",
          "category": "Between 1 and 5 Year",
          "valueField": -3.2222
        },
        {
          "businessDate": "2017-10-13",
          "category": "Between 1 and 5 Year",
          "valueField": -3.2222
        },
        {
          "businessDate": "2017-10-16",
          "category": "Between 1 and 5 Year",
          "valueField": 0.6666
        },
        {
          "businessDate": "2017-10-17",
          "category": "Between 1 and 5 Year",
          "valueField": 3.2222
        },
        {
          "businessDate": "2017-10-18",
          "category": "Between 1 and 5 Year",
          "valueField": 3.2222
        },
        {
          "businessDate": "2017-10-19",
          "category": "Between 1 and 5 Year",
          "valueField": 2.2222
        },
        {
          "businessDate": "2017-10-20",
          "category": "Between 1 and 5 Year",
          "valueField": -1.2222
        },
        {
          "businessDate": "2017-10-09",
          "category": "More than 5 Years",
          "valueField": 4.2222
        },
        {
          "businessDate": "2017-10-10",
          "category": "More than 5 Years",
          "valueField": 5.2222
        },
        {
          "businessDate": "2017-10-11",
          "category": "More than 5 Years",
          "valueField": -2.2222
        },
        {
          "businessDate": "2017-10-12",
          "category": "More than 5 Years",
          "valueField": -1.2222
        },
        {
          "businessDate": "2017-10-13",
          "category": "More than 5 Years",
          "valueField": 5.2222
        },
        {
          "businessDate": "2017-10-16",
          "category": "More than 5 Years",
          "valueField": 5.6666
        },
        {
          "businessDate": "2017-10-17",
          "category": "More than 5 Years",
          "valueField": 6.2222
        },
        {
          "businessDate": "2017-10-18",
          "category": "More than 5 Years",
          "valueField": 4.2222
        },
        {
          "businessDate": "2017-10-19",
          "category": "More than 5 Years",
          "valueField": 7.2222
        },
        {
          "businessDate": "2017-10-20",
          "category": "More than 5 Years",
          "valueField": -1.2222
        }
      ],
      "format": {
        "type": "json",
        "parse": {
          "category": "string",
          "businessDate": "date",
          "valueField": "number",
          "valueField1": "number"
        }
      },
      "transform": [
        {
          "type": "collect",
          "sort": {
            "field": [
              "businessDate",
              {
                "signal": "field"
              }
            ],
            "order": [
              "descending",
              "descending"
            ]
          }
        },
        {
          "type": "formula",
          "expr": "format(datum[field], '.2f')",
          "as": "formattedValue"
        },
        {
          "type": "formula",
          "expr": "utcFormat(datum.businessDate, '%m/%d/%Y')",
          "as": "formattedDate"
        }
      ]
    },
    {
      "name": "table_filtered",
      "source": "table",
      "transform": [
        {
          "type": "filter",
          "expr": "!length(data('selected')) || indata('selected', 'value', datum.category)"
        }
      ]
    },
    {
      "name": "index",
      "source": "table_filtered",
      "transform": [
        {
          "type": "filter",
          "expr": "month(datum.businessDate) == month(indexDate) && year(datum.businessDate) == year(indexDate) && date(datum.businessDate) == date(indexDate)"
        }
      ]
    },
    {
      "name": "index_date",
      "source": "index",
      "transform": [
        {
          "type": "aggregate",
          "fields": [
            "businessDate"
          ],
          "ops": [
            "max"
          ],
          "as": [
            "max"
          ]
        },
        {
          "type": "formula",
          "expr": "utcFormat(datum.max, '%m-%d-%Y')",
          "as": "formattedDate"
        }
      ]
    }
  ],
  "scales": [
    {
      "name": "x",
      "type": "band",
      "range": "width",
      "domain": {
        "data": "table",
        "field": "businessDate"
      },
      "padding": 0,
      "paddingInner": 0,
      "paddingOuter": 0,
      "align": 0,
      "reverse":true
    },
    {
      "name": "y",
      "type": "linear",
      "zero": false,
      "nice": true,
      "domain": {
        "data": "table_filtered",
        "field": {
          "signal": "field"
        }
      },
      "range": "height"
    },
    {
      "name": "color",
      "type": "ordinal",
      "range": "category",
      "domain": {
        "data": "table",
        "field": "category"
      }
    }
  ],
  "axes": [
    {
      "orient": "bottom",
      "scale": "x",
      "labelOverlap": "parity",
      "labelPadding": 3,
      "encode": {
        "labels": {
          "enter": {
            "fontSize": {
              "signal": "fontSize"
            }
          },
          "update": {
            "text": {
              "signal": "utcFormat(datum.value, '%b %d')"
            }
          }
        },
        "ticks": {
          "enter": {
            "fontSize": {
              "signal": "fontSize"
            }
          }
        }
      }
    },
    {
      "orient": "left",
      "scale": "y",
      "encode": {
        "labels": {
          "enter": {
            "fontSize": {
              "signal": "fontSize"
            }
          }
        },
        "ticks": {
          "enter": {
            "fontSize": {
              "signal": "fontSize"
            }
          }
        }
      }
    }
  ],
  "legends": [
    {
      "stroke": "color",
      "title": "Legend",
      "orient": "bottom",
      "encode": {
        "symbols": {
          "name": "legendSymbol",
          "interactive": true,
          "update": {
            "fill": {
              "value": "transparent"
            },
            "strokeWidth": {
              "value": 2
            },
            "opacity": [
              {
                "test": "!length(data('selected')) || indata('selected', 'value', datum.value)",
                "value": 0.7
              },
              {
                "value": 0.15
              }
            ],
            "cursor": {
              "value": "pointer"
            },
            "size": {
              "value": 64
            }
          }
        },
        "labels": {
          "name": "legendLabel",
          "interactive": true,
          "enter": {
            "fontSize": {
              "signal": "fontSize"
            }
          },
          "update": {
            "opacity": [
              {
                "test": "!length(data('selected')) || indata('selected', 'value', datum.value)",
                "value": 1
              },
              {
                "value": 0.25
              }
            ],
            "cursor": {
              "value": "pointer"
            }
          }
        }
      }
    }
  ],
  "marks": [
    {
      "type": "rule",
      "encode": {
        "update": {
          "x": {
            "scale": "x",
            "signal": "hoverDot",
            "offset": {
              "signal": "0"
            }
          },
          "y": {
            "value": 0
          },
          "y2": {
            "field": {
              "group": "height"
            }
          },
          "stroke": {
            "value": "#888"
          },
          "opacity": {
            "signal": "hoverDot ? 1 : 0"
          }
        }
      }
    },
    {
      "type": "text",
      "from": {
        "data": "index_date"
      },
      "encode": {
        "enter": {
          "fill": {
            "value": "#000"
          },
          "fontSize": {
            "signal": "fontSize"
          },
          "align": {
            "value": "left"
          }
        },
        "update": {
          "text": {
            "field": "formattedDate"
          },
          "x": {
            "scale": "x",
            "signal": "hoverDot",
            "offset": {
              "signal": "10"
            }
          },
          "y": {
            "value": 15
          },
          "y2": {
            "field": {
              "group": "height"
            }
          },
          "opacity": {
            "signal": "hoverDot ? 1 : 0"
          }
        }
      }
    },
    {
      "type": "group",
      "from": {
        "facet": {
          "name": "series",
          "data": "table_filtered",
          "groupby": "category"
        }
      },
      "marks": [
        {
          "type": "line",
          "from": {
            "data": "series"
          },
          "encode": {
            "enter": {
              "stroke": {
                "scale": "color",
                "field": "category"
              },
              "strokeWidth": {
                "value": 2
              }
            },
            "update": {
              "x": {
                "scale": "x",
                "field": "businessDate"
              },
              "y": {
                "scale": "y",
                "field": {
                  "signal": "field"
                }
              },
              "fillOpacity": {
                "value": 1
              },
              "interpolate": {
                "value": "linear"
              }
            }
          }
        },
        {
          "type": "symbol",
          "name": "dotLine",
          "from": {
            "data": "series"
          },
          "interactive": true,
          "encode": {
            "update": {
              "x": {
                "scale": "x",
                "field": "businessDate"
              },
              "y": {
                "scale": "y",
                "field": {
                  "signal": "field"
                }
              },
              "stroke": {
                "value": "transparent"
              },
              "fill": {
                "value": "transparent"
              },
              "size": {
                "value": 250
              }
            },
            "hover": {
              "size": {
                "value": 200
              },
              "fill": {
                "scale": "color",
                "field": "category"
              }
            }
          }
        }
      ]
    }
  ]
}