{
  "$schema": "https://vega.github.io/schema/vega/v3.0.json",
  "width": 700,
  "height": 400,
  "padding": 0,
  "autosize": {
    "type": "fit",
    "resize": true
  },
  "signals": [
    {
      "name": "field",
      "value": "Q_Total"
    },
    {
      "name": "fontSize",
      "value": 12
    },
    {
      "name": "clear",
      "value": true,
      "on": [
        {
          "events": "mouseup[!event.item]",
          "update": "true",
          "force": true
        }
      ]
    },
    {
      "name": "shift",
      "value": false,
      "on": [
        {
          "events": "@legendSymbol:click, @legendLabel:click",
          "update": "event.shiftKey",
          "force": true
        }
      ]
    },
    {
      "name": "clicked",
      "value": null,
      "on": [
        {
          "events": "@legendSymbol:click, @legendLabel:click",
          "update": "{value: datum.value}",
          "force": true
        }
      ]
    },
    {
      "name": "tooltipVisibility",
      "value": 1,
      "on": [
        {
          "events": "mouseover",
          "update": "1"
        },
        {
          "events": "mouseout",
          "update": "0"
        }
      ]
    },
    {
      "name": "indexDate",
      "update": "time('Oct 10 2017')",
      "on": [
        {
          "events": "mousemove",
          "update": "invert('x', clamp(x(), 0, width))"
        }
      ]
    },
    {
      "name": "tooltipOffset",
      "value": 0.5,
      "on": [
        {
          "events": "mousemove",
          "update": "(x(indexDate)-165 > 0 ? -180 : 0.5)"
        }
      ]
    }
  ],
  "data": [
    {
      "name": "selected",
      "on": [
        {
          "trigger": "clear",
          "remove": true
        },
        {
          "trigger": "!shift",
          "remove": true
        },
        {
          "trigger": "!shift && clicked",
          "insert": "clicked"
        },
        {
          "trigger": "shift && clicked",
          "toggle": "clicked"
        }
      ]
    },
    {
      "name": "table",
      "url": "/data/mtm_example.json",
      "format": {
        "type": "json",
        "parse": {
          "A_Buckets": "string",
          "T_Business_Date": "date",
          "Q_Total": "number",
          "A_Product": "string",
          "A_Chain": "string",
          "A_Sec_usSec": "string"
        }
      },
      "transform": [
        {
          "type": "collect",
          "sort": {
            "field": [
              "T_Business_Date",
              {
                "signal": "field"
              }
            ],
            "order": [
              "descending",
              "descending"
            ]
          }
        },
        {
          "type": "formula",
          "expr": "format(datum[field], '.2f')",
          "as": "formattedValue"
        },
        {
          "type": "formula",
          "expr": "utcFormat(datum.T_Business_Date, '%m/%d/%Y')",
          "as": "formattedDate"
        }
      ]
    },
    {
      "name": "table_filtered",
      "source": "table",
      "transform": [
        {
          "type": "filter",
          "expr": "!length(data('selected')) || indata('selected', 'value', datum.A_Buckets)"
        }
      ]
    },
    {
      "name": "index",
      "source": "table_filtered",
      "transform": [
        {
          "type": "filter",
          "expr": "month(datum.T_Business_Date) == month(indexDate) && year(datum.T_Business_Date) == year(indexDate) && date(datum.T_Business_Date) == date(indexDate)"
        }
      ]
    },
    {
      "name": "index_date",
      "source": "index",
      "transform": [
        {
          "type": "aggregate",
          "fields": [
            "T_Business_Date"
          ],
          "ops": [
            "max"
          ],
          "as": [
            "max"
          ]
        },
        {
          "type": "formula",
          "expr": "utcFormat(datum.max, '%m-%d-%Y')",
          "as": "formattedDate"
        }
      ]
    }
  ],
  "scales": [
    {
      "name": "x",
      "type": "utc",
      "domain": {
        "data": "table",
        "field": "T_Business_Date"
      },
      "range": "width",
      "nice": false,
      "clamp": true
    },
    {
      "name": "y",
      "type": "linear",
      "zero": false,
      "nice": true,
      "domain": {
        "data": "table_filtered",
        "field": {
          "signal": "field"
        }
      },
      "range": "height"
    },
    {
      "name": "color",
      "type": "ordinal",
      "range": "category",
      "domain": {
        "data": "table",
        "field": "A_Buckets"
      }
    }
  ],
  "axes": [
    {
      "orient": "bottom",
      "scale": "x",
      "labelOverlap": "greedy",
      "encode": {
        "labels": {
          "enter": {
            "fontSize": {
              "signal": "fontSize"
            }
          }
        },
        "ticks": {
          "enter": {
            "fontSize": {
              "signal": "fontSize"
            }
          }
        }
      }
    },
    {
      "orient": "left",
      "scale": "y",
      "encode": {
        "labels": {
          "enter": {
            "fontSize": {
              "signal": "fontSize"
            }
          }
        },
        "ticks": {
          "enter": {
            "fontSize": {
              "signal": "fontSize"
            }
          }
        }
      }
    }
  ],
  "legends": [
    {
      "stroke": "color",
      "title": "Legend",
      "orient": "bottom",
      "encode": {
        "symbols": {
          "name": "legendSymbol",
          "interactive": true,
          "update": {
            "fill": {
              "value": "transparent"
            },
            "strokeWidth": {
              "value": 2
            },
            "opacity": [
              {
                "test": "!length(data('selected')) || indata('selected', 'value', datum.value)",
                "value": 0.7
              },
              {
                "value": 0.15
              }
            ],
            "cursor": {
              "value": "pointer"
            },
            "size": {
              "value": 64
            }
          }
        },
        "labels": {
          "name": "legendLabel",
          "interactive": true,
          "enter": {
            "fontSize": {
              "signal": "fontSize"
            }
          },
          "update": {
            "opacity": [
              {
                "test": "!length(data('selected')) || indata('selected', 'value', datum.value)",
                "value": 1
              },
              {
                "value": 0.25
              }
            ],
            "cursor": {
              "value": "pointer"
            }
          }
        }
      }
    }
  ],
  "marks": [
    {
      "type": "group",
      "from": {
        "facet": {
          "name": "series",
          "data": "table_filtered",
          "groupby": "A_Buckets"
        }
      },
      "marks": [
        {
          "type": "line",
          "from": {
            "data": "series"
          },
          "encode": {
            "enter": {
              "stroke": {
                "scale": "color",
                "field": "A_Buckets"
              },
              "strokeWidth": {
                "value": 2
              }
            },
            "update": {
              "x": {
                "scale": "x",
                "field": "T_Business_Date"
              },
              "y": {
                "scale": "y",
                "field": {
                  "signal": "field"
                }
              },
              "fillOpacity": {
                "value": 1
              }

            }
          }
        }
      ]
    },
    {
      "type": "rule",
      "encode": {
        "update": {
          "x": {
            "scale": "x",
            "signal": "indexDate",
            "offset": 0.5
          },
          "y": {
            "value": 0
          },
          "y2": {
            "field": {
              "group": "height"
            }
          },
          "stroke": {
            "value": "#888"
          },
          "opacity": {
            "signal": "tooltipVisibility"
          }
        }
      }
    },
    {
      "type": "text",
      "from": {
        "data": "index_date"
      },
      "encode": {
        "enter": {
          "fill": {
            "value": "#000"
          },
          "fontSize": {
            "signal": "fontSize"
          }
        },
        "update": {
          "text": {
            "field": "formattedDate"
          },
          "x": {
            "scale": "x",
            "signal": "indexDate",
            "offset": {
              "signal": "tooltipOffset > 0 ? 19 : -165"
            }
          },
          "y": {
            "value": 15
          },
          "y2": {
            "field": {
              "group": "height"
            }
          },
          "opacity": {
            "signal": "tooltipVisibility"
          }
        }
      }
    },
    {
      "type": "symbol",
      "shape": "circle",
      "size": 200,
      "from": {
        "data": "index"
      },
      "encode": {
        "enter": {
          "fill": {
            "value": "#000"
          }
        },
        "update": {
          "x": {
            "scale": "x",
            "signal": "indexDate"
          },
          "y": {
            "scale": "y",
            "field": "Q_Total"
          },
          "opacity": {
            "signal": "(tooltipVisibility == 1 && length(data('index'))) ? 1 : 0"
          }
        }
      }
    }
  ]
}